{
    "segments": [
        {
            "_id": "bf5a73186b4c472084da87dcfbfba75b",
            "start": 0.8700000047683716,
            "end": 5.380000114440918
        }
    ]
}